{"cameraMode":{"drawMode":0,"name":"Shaded","section":"Shading Mode"},"sceneLighting":true,"audioPlay":false,"sceneViewState":{"m_AlwaysRefresh":false,"showFog":true,"showSkybox":true,"showFlares":true,"showImageEffects":true,"showParticleSystems":true,"showVisualEffectGraphs":true,"m_FxEnabled":true},"in2DMode":false,"pivot":{"x":-1.9029850959777833,"y":-0.6044783592224121,"z":6.195226669311523},"rotation":{"x":0.13089601695537568,"y":-0.1797747015953064,"z":0.024143483489751817,"w":0.9746622443199158},"size":11.845674514770508,"orthographic":false}